sample_id	mutation_id	ref	alt	a	b	cn_major	cn_minor
omentum_site_1	snv:1:6676850	G	T	928	0	2	1
omentum_site_1	snv:1:9097848	C	T	801	89	2	0
omentum_site_1	snv:1:24392640	A	G	1134	75	2	1
omentum_site_1	snv:1:48943236	A	G	44471	56	2	1
omentum_site_1	snv:1:74540760	A	T	23111	6917	2	1
omentum_site_1	snv:1:103422610	T	A	13000	3935	2	1
omentum_site_1	snv:1:146466024	A	G	958	4	4	3
omentum_site_1	snv:1:146466025	C	T	969	0	4	3
omentum_site_1	snv:1:146466026	A	G	960	2	4	3
omentum_site_1	snv:1:146466028	C	T	968	0	4	3
omentum_site_1	snv:1:146466029	A	G	944	2	4	3
omentum_site_1	snv:1:146466038	C	G	965	0	4	3
omentum_site_1	snv:1:160064905	G	A	1330	98	2	2
omentum_site_1	snv:1:167045386	T	C	17185	3482	2	2
omentum_site_1	snv:1:187001107	T	C	39140	102	2	2
omentum_site_1	snv:1:200306608	C	A	51274	6	2	2
omentum_site_1	snv:1:200870237	G	A	852	0	2	2
omentum_site_1	snv:1:237457202	G	A	35572	14	3	2
omentum_site_1	snv:1:239631646	G	T	2563	0	3	2
omentum_site_1	snv:1:248100345	C	A	34060	157	3	2
omentum_site_1	snv:10:5777338	T	G	2016	173	3	2
omentum_site_1	snv:10:9905792	G	T	30974	0	3	2
omentum_site_1	snv:10:11704591	C	T	44089	43	3	2
omentum_site_1	snv:10:80210783	C	T	28309	195	1	1
omentum_site_1	snv:10:107225108	C	A	31765	1	1	1
omentum_site_1	snv:10:110726598	C	A	947	0	1	1
omentum_site_1	snv:10:112541237	A	T	935	128	1	1
omentum_site_1	snv:11:7064898	T	A	3116	263	2	1
omentum_site_1	snv:11:33739002	C	T	790	89	2	1
omentum_site_1	snv:11:37351145	C	T	8471	2454	2	1
omentum_site_1	snv:11:38687924	A	T	18317	0	2	1
omentum_site_1	snv:11:55653117	G	T	3287	0	4	2
omentum_site_1	snv:11:56086297	A	G	1576	155	2	1
omentum_site_1	snv:11:69062839	C	T	782	80	2	1
omentum_site_1	snv:11:74330980	A	G	9871	16579	2	1
omentum_site_1	snv:11:113934076	G	A	2057	193	2	1
omentum_site_1	snv:11:128133092	C	T	31772	9233	2	1
omentum_site_1	snv:12:4611688	A	G	11568	36	3	2
omentum_site_1	snv:12:5848357	G	C	48285	2	3	2
omentum_site_1	snv:12:40533582	G	A	5736	11	3	2
omentum_site_1	snv:12:51461545	G	A	1599	134	2	2
omentum_site_1	snv:12:63565907	T	C	23770	30	2	2
omentum_site_1	snv:12:89795677	C	T	30350	6045	2	0
omentum_site_1	snv:12:95087219	G	A	27622	6534	2	1
omentum_site_1	snv:12:103745440	G	A	28986	12525	2	0
omentum_site_1	snv:12:105992379	A	T	636	0	2	0
omentum_site_1	snv:12:117484451	C	T	1080	225	2	1
omentum_site_1	snv:13:44263161	A	T	29017	4	2	1
omentum_site_1	snv:13:53811341	C	T	10645	3255	2	1
omentum_site_1	snv:13:55545648	A	C	26873	0	2	1
omentum_site_1	snv:13:78215019	C	T	1547	482	2	1
omentum_site_1	snv:13:84266086	A	T	26222	7658	2	1
omentum_site_1	snv:14:23995889	C	T	2685	4	2	2
omentum_site_1	snv:14:37347213	A	T	32807	3	2	2
omentum_site_1	snv:14:80858152	C	T	40244	2787	2	2
omentum_site_1	snv:14:87387227	C	T	10231	841	2	2
omentum_site_1	snv:14:89337958	A	G	1727	305	2	2
omentum_site_1	snv:14:98501331	C	A	32721	4	2	2
omentum_site_1	snv:15:46957466	G	C	2755	769	2	1
omentum_site_1	snv:15:49048502	T	C	1108	118	2	1
omentum_site_1	snv:15:85400381	G	A	666	32	2	1
omentum_site_1	snv:15:100729856	G	A	36584	12778	2	1
omentum_site_1	snv:16:2283162	G	A	575	59	2	1
omentum_site_1	snv:16:7892689	C	A	12113	2003	2	1
omentum_site_1	snv:16:17396990	A	G	32962	37	3	2
omentum_site_1	snv:16:17424730	G	A	22071	26	3	2
omentum_site_1	snv:16:23430104	A	G	1404	132	2	1
omentum_site_1	snv:16:79555300	A	T	30626	50	2	0
omentum_site_1	snv:17:13465428	C	T	17422	8825	2	0
omentum_site_1	snv:17:15166660	G	A	10687	6166	2	0
omentum_site_1	snv:17:41245466	G	A	31761	5110	2	0
omentum_site_1	snv:17:50214027	C	A	17614	16902	3	0
omentum_site_1	snv:17:57754591	A	G	26164	5057	2	0
omentum_site_1	snv:17:60934485	G	A	30398	13	3	0
omentum_site_1	snv:17:78333840	T	C	23278	3605	3	0
omentum_site_1	snv:17:79511135	A	G	7620	1782	3	0
omentum_site_1	snv:18:41823577	A	C	5597	4804	1	0
omentum_site_1	snv:18:44775126	G	A	91	2	1	0
omentum_site_1	snv:18:66752529	C	T	5232	5	1	0
omentum_site_1	snv:19:15760745	G	A	2526	122	11	1
omentum_site_1	snv:19:15928428	G	A	8950	7	11	1
omentum_site_1	snv:19:17028092	G	A	9393	2	4	0
omentum_site_1	snv:19:37019181	G	A	31136	29	1	1
omentum_site_1	snv:19:37975351	G	A	2503	186	3	1
omentum_site_1	snv:19:44891134	C	T	1307	91	7	1
omentum_site_1	snv:2:14469442	T	C	34579	6671	3	2
omentum_site_1	snv:2:14574539	G	A	29433	14	3	2
omentum_site_1	snv:2:24930528	G	C	2255	166	2	2
omentum_site_1	snv:2:28521021	G	A	32921	7399	3	2
omentum_site_1	snv:2:37406686	A	C	2395	6	3	1
omentum_site_1	snv:2:81140747	G	A	17002	11	2	2
omentum_site_1	snv:2:82597424	G	A	14859	3290	2	2
omentum_site_1	snv:2:100096669	C	A	17049	4065	2	2
omentum_site_1	snv:2:103879320	G	A	2828	1823	2	2
omentum_site_1	snv:2:124675757	G	C	31746	0	2	2
omentum_site_1	snv:2:140275849	C	A	17673	2237	2	2
omentum_site_1	snv:2:146138980	A	C	19977	4435	2	2
omentum_site_1	snv:2:147231618	C	T	23179	5396	2	2
omentum_site_1	snv:2:147287841	A	T	10834	0	2	2
omentum_site_1	snv:2:153008185	C	T	3509	2	2	2
omentum_site_1	snv:2:166905668	G	T	2012	26405	2	2
omentum_site_1	snv:2:167801463	C	A	26159	6401	2	2
omentum_site_1	snv:2:179472362	T	C	1299	111	2	2
omentum_site_1	snv:2:179605586	G	T	2479	204	2	2
omentum_site_1	snv:2:195437326	C	A	26316	5742	2	2
omentum_site_1	snv:2:199980984	G	C	27611	6712	2	2
omentum_site_1	snv:20:20392678	G	A	792	86	2	1
omentum_site_1	snv:20:37862923	C	T	36767	10618	2	1
omentum_site_1	snv:20:52786149	T	C	4097	105	2	1
omentum_site_1	snv:21:30803838	C	T	19107	13951	2	2
omentum_site_1	snv:21:38309208	G	A	1327	136	2	2
omentum_site_1	snv:22:23482460	A	G	31764	8043	2	0
omentum_site_1	snv:22:33268019	G	A	23418	11743	2	0
omentum_site_1	snv:22:50869692	G	C	23361	6965	2	0
omentum_site_1	snv:3:11717253	A	T	9210	0	2	1
omentum_site_1	snv:3:21158655	C	T	14358	13369	2	1
omentum_site_1	snv:3:27346442	C	T	528	27	2	1
omentum_site_1	snv:3:28118443	C	T	9664	6	2	1
omentum_site_1	snv:3:45447311	G	A	20231	5070	2	1
omentum_site_1	snv:3:66345210	A	G	30617	8113	2	1
omentum_site_1	snv:3:76177985	T	C	8826	2488	2	1
omentum_site_1	snv:3:77695206	G	T	1839	128	2	1
omentum_site_1	snv:3:79337345	G	T	12002	3598	2	1
omentum_site_1	snv:3:97550037	C	A	25046	6289	2	2
omentum_site_1	snv:3:102912412	A	T	18002	3662	2	2
omentum_site_1	snv:3:122869098	C	T	452	127	2	2
omentum_site_1	snv:3:136945880	G	T	28048	6820	2	2
omentum_site_1	snv:3:147926596	G	C	9645	2305	2	2
omentum_site_1	snv:3:148470602	G	A	40865	40	2	2
omentum_site_1	snv:3:153840612	G	T	1921	6	2	2
omentum_site_1	snv:3:163952265	T	A	10765	0	2	2
omentum_site_1	snv:3:174394548	A	C	2007	518	2	2
omentum_site_1	snv:3:180933986	G	A	37251	17	2	2
omentum_site_1	snv:4:15299209	G	T	5572	4340	2	1
omentum_site_1	snv:4:43995168	G	A	4995	4	2	1
omentum_site_1	snv:4:46406542	T	C	754	3	2	1
omentum_site_1	snv:4:87180222	G	T	9344	3571	2	1
omentum_site_1	snv:4:106599060	C	T	856	77	2	1
omentum_site_1	snv:4:131209908	C	T	33547	35	2	1
omentum_site_1	snv:4:186947512	T	C	34377	14	2	1
omentum_site_1	snv:4:190509513	T	C	9277	1909	7	5
omentum_site_1	snv:5:8131735	T	C	5400	1441	3	1
omentum_site_1	snv:5:24118379	T	C	883	340	3	1
omentum_site_1	snv:5:45041674	T	C	9344	5641	1	1
omentum_site_1	snv:5:94335906	G	T	23492	7477	2	1
omentum_site_1	snv:5:129265350	A	C	18837	6	2	1
omentum_site_1	snv:5:144554583	T	C	28937	11511	2	1
omentum_site_1	snv:5:162424876	C	T	7492	2557	2	1
omentum_site_1	snv:5:163536989	A	G	17241	5163	2	1
omentum_site_1	snv:5:166029994	C	T	710	0	2	1
omentum_site_1	snv:5:168113339	C	T	16177	6	2	1
omentum_site_1	snv:6:36976637	G	C	10104	21108	3	1
omentum_site_1	snv:6:57536605	A	C	16279	9584	5	3
omentum_site_1	snv:6:64286881	A	G	2448	250	2	1
omentum_site_1	snv:6:85579098	C	A	13393	0	2	1
omentum_site_1	snv:6:87097553	T	C	3213	4	2	1
omentum_site_1	snv:6:94050823	T	C	25090	25	2	1
omentum_site_1	snv:6:130923365	A	G	35235	12158	2	1
omentum_site_1	snv:6:160913346	A	C	31100	2	2	1
omentum_site_1	snv:7:37639095	A	C	32448	5	3	2
omentum_site_1	snv:7:81877436	T	C	2847	482	3	2
omentum_site_1	snv:7:86813833	G	A	383	0	3	2
omentum_site_1	snv:7:90150238	A	G	7822	404	3	2
omentum_site_1	snv:7:96307880	A	T	21123	4229	3	2
omentum_site_1	snv:7:108204936	G	A	2448	161	3	2
omentum_site_1	snv:7:110412802	C	G	38090	2	3	2
omentum_site_1	snv:7:113288716	C	A	3710	343	3	2
omentum_site_1	snv:7:113900801	T	G	9769	2114	3	2
omentum_site_1	snv:7:118186437	C	A	28397	0	5	0
omentum_site_1	snv:7:121528399	G	C	34786	6545	3	2
omentum_site_1	snv:7:140510749	T	C	34218	7994	3	2
omentum_site_1	snv:8:20661859	G	T	13818	19984	2	0
omentum_site_1	snv:8:21970426	T	C	12362	1241	2	0
omentum_site_1	snv:8:24340735	C	T	12152	6	2	0
omentum_site_1	snv:8:29005143	A	G	15652	2730	2	0
omentum_site_1	snv:8:33011214	A	G	7539	2932	2	0
omentum_site_1	snv:8:36201828	C	A	24003	12018	2	0
omentum_site_1	snv:8:49946574	T	C	21400	5274	2	2
omentum_site_1	snv:8:52157078	G	C	27721	6866	2	2
omentum_site_1	snv:8:62987883	T	A	7181	1654	2	2
omentum_site_1	snv:8:64097997	A	G	7391	1205	2	2
omentum_site_1	snv:8:68973004	C	A	1827	302	2	2
omentum_site_1	snv:8:104955507	A	T	4590	1138	2	2
omentum_site_1	snv:8:113339964	G	A	18837	3982	2	2
omentum_site_1	snv:8:113365031	C	A	17142	2940	2	2
omentum_site_1	snv:8:113412293	A	T	25220	6446	2	2
omentum_site_1	snv:8:113449142	T	C	34543	77	2	2
omentum_site_1	snv:8:114225881	T	A	7900	1855	2	2
omentum_site_1	snv:8:114274626	A	G	4392	994	2	2
omentum_site_1	snv:8:114377854	G	T	1942	1	2	2
omentum_site_1	snv:8:114897865	G	A	39724	30	2	2
omentum_site_1	snv:8:116187784	G	C	28078	6990	2	2
omentum_site_1	snv:8:122641005	T	C	2053	182	2	2
omentum_site_1	snv:8:128243090	A	C	23586	0	2	2
omentum_site_1	snv:8:132012036	T	A	36118	6614	2	2
omentum_site_1	snv:8:139855509	G	A	30474	6674	2	2
omentum_site_1	snv:8:145737795	C	T	2606	2532	2	2
omentum_site_1	snv:9:4778674	G	A	25101	12	2	1
omentum_site_1	snv:9:7689780	T	A	45833	3	2	1
omentum_site_1	snv:9:11044594	T	A	5440	1364	2	1
omentum_site_1	snv:9:15876360	G	C	17592	5109	2	1
omentum_site_1	snv:9:28908932	T	C	5750	1554	2	1
omentum_site_1	snv:9:36879510	C	A	16335	24471	2	1
omentum_site_1	snv:9:36941475	G	A	15347	25832	2	1
omentum_site_1	snv:9:36951399	C	T	6402	4316	2	1
omentum_site_1	snv:9:37030129	G	A	10893	22141	2	1
omentum_site_1	snv:9:81748989	A	T	2088	0	2	1
omentum_site_1	snv:9:81748990	A	T	2073	0	2	1
omentum_site_1	snv:9:109688285	G	A	3165	312	2	1
omentum_site_1	snv:9:125330100	A	G	150	20	2	1
omentum_site_1	snv:9:139872084	C	A	576	134	2	1
omentum_site_1	snv:X:7043536	A	C	20009	8032	2	0
omentum_site_1	snv:X:13332396	G	T	10002	6546	2	0
omentum_site_1	snv:X:45015620	C	T	16237	25970	2	0
omentum_site_1	snv:X:65488081	C	A	27942	8430	2	0
omentum_site_1	snv:X:100395663	G	T	34430	7902	2	0
omentum_site_1	snv:X:105441476	G	C	36436	4	2	0
omentum_site_1	snv:X:119485040	T	C	23064	15	2	0
omentum_site_1	snv:X:145600551	T	G	7393	2908	2	0
omentum_site_2	snv:1:6676850	G	T	1073	0	2	1
omentum_site_2	snv:1:9097848	C	T	682	228	2	1
omentum_site_2	snv:1:24392640	A	G	1143	377	2	1
omentum_site_2	snv:1:48943236	A	G	48514	80	2	1
omentum_site_2	snv:1:74540760	A	T	32316	4233	2	1
omentum_site_2	snv:1:103422610	T	A	10049	3964	2	1
omentum_site_2	snv:1:146466024	A	G	1996	10	3	2
omentum_site_2	snv:1:146466025	C	T	2024	2	3	2
omentum_site_2	snv:1:146466026	A	G	2011	6	3	2
omentum_site_2	snv:1:146466028	C	T	2011	4	3	2
omentum_site_2	snv:1:146466029	A	G	1983	6	3	2
omentum_site_2	snv:1:146466038	C	G	2017	0	3	2
omentum_site_2	snv:1:160064905	G	A	1000	299	2	2
omentum_site_2	snv:1:167045386	T	C	14257	1934	2	2
omentum_site_2	snv:1:187001107	T	C	51134	96	2	2
omentum_site_2	snv:1:200306608	C	A	58575	11	2	2
omentum_site_2	snv:1:200870237	G	A	747	0	2	2
omentum_site_2	snv:1:237457202	G	A	46271	28	3	2
omentum_site_2	snv:1:239631646	G	T	3170	1	3	2
omentum_site_2	snv:1:248100345	C	A	37616	148	3	2
omentum_site_2	snv:10:5777338	T	G	5293	1126	3	2
omentum_site_2	snv:10:9905792	G	T	28410	3280	3	2
omentum_site_2	snv:10:11704591	C	T	43276	54	3	2
omentum_site_2	snv:10:80210783	C	T	28724	26	1	1
omentum_site_2	snv:10:107225108	C	A	34297	2	1	1
omentum_site_2	snv:10:110726598	C	A	513	0	1	1
omentum_site_2	snv:10:112541237	A	T	833	544	1	1
omentum_site_2	snv:11:7064898	T	A	5080	1804	2	1
omentum_site_2	snv:11:33739002	C	T	1133	395	2	1
omentum_site_2	snv:11:37351145	C	T	11847	2722	2	1
omentum_site_2	snv:11:38687924	A	T	17668	2	2	1
omentum_site_2	snv:11:55653117	G	T	5257	0	3	1
omentum_site_2	snv:11:56086297	A	G	2211	579	2	1
omentum_site_2	snv:11:69062839	C	T	915	292	2	1
omentum_site_2	snv:11:74330980	A	G	9375	13693	2	1
omentum_site_2	snv:11:113934076	G	A	1778	474	2	1
omentum_site_2	snv:11:128133092	C	T	33418	11905	2	1
omentum_site_2	snv:12:4611688	A	G	9165	15	3	2
omentum_site_2	snv:12:5848357	G	C	60766	6	3	2
omentum_site_2	snv:12:40533582	G	A	4422	2	3	2
omentum_site_2	snv:12:51461545	G	A	2797	729	2	2
omentum_site_2	snv:12:63565907	T	C	22534	27	2	1
omentum_site_2	snv:12:89795677	C	T	29220	13424	2	0
omentum_site_2	snv:12:95087219	G	A	29742	5446	2	1
omentum_site_2	snv:12:103745440	G	A	24589	24080	2	0
omentum_site_2	snv:12:105992379	A	T	322	0	2	0
omentum_site_2	snv:12:117484451	C	T	732	765	2	1
omentum_site_2	snv:13:44263161	A	T	30261	2	2	1
omentum_site_2	snv:13:53811341	C	T	14019	3180	2	1
omentum_site_2	snv:13:55545648	A	C	26431	0	2	1
omentum_site_2	snv:13:78215019	C	T	826	349	2	1
omentum_site_2	snv:13:84266086	A	T	30597	7670	2	1
omentum_site_2	snv:14:23995889	C	T	3753	4	2	1
omentum_site_2	snv:14:37347213	A	T	34333	7	2	1
omentum_site_2	snv:14:80858152	C	T	44525	3078	2	1
omentum_site_2	snv:14:87387227	C	T	7689	267	2	1
omentum_site_2	snv:14:89337958	A	G	1926	1762	2	1
omentum_site_2	snv:14:98501331	C	A	37927	4	2	1
omentum_site_2	snv:15:46957466	G	C	1771	436	2	1
omentum_site_2	snv:15:49048502	T	C	1872	667	2	1
omentum_site_2	snv:15:85400381	G	A	472	137	2	1
omentum_site_2	snv:15:100729856	G	A	32489	9678	2	1
omentum_site_2	snv:16:2283162	G	A	323	75	2	1
omentum_site_2	snv:16:7892689	C	A	10919	2854	2	1
omentum_site_2	snv:16:17396990	A	G	37728	36	2	1
omentum_site_2	snv:16:17424730	G	A	18253	22	2	1
omentum_site_2	snv:16:23430104	A	G	1400	503	2	1
omentum_site_2	snv:16:79555300	A	T	37767	2	2	0
omentum_site_2	snv:17:13465428	C	T	19705	8063	2	0
omentum_site_2	snv:17:15166660	G	A	11548	7495	2	0
omentum_site_2	snv:17:41245466	G	A	33496	5096	3	0
omentum_site_2	snv:17:50214027	C	A	13892	25456	3	0
omentum_site_2	snv:17:57754591	A	G	28575	2855	3	0
omentum_site_2	snv:17:60934485	G	A	39035	12	3	0
omentum_site_2	snv:17:78333840	T	C	27828	2605	3	0
omentum_site_2	snv:17:79511135	A	G	8281	1124	3	0
omentum_site_2	snv:18:41823577	A	C	4991	3709	1	0
omentum_site_2	snv:18:44775126	G	A	14	7	1	0
omentum_site_2	snv:18:66752529	C	T	3525	6	1	0
omentum_site_2	snv:19:15760745	G	A	6714	568	10	1
omentum_site_2	snv:19:15928428	G	A	7888	2	10	1
omentum_site_2	snv:19:17028092	G	A	9876	4	4	1
omentum_site_2	snv:19:37019181	G	A	33301	38	1	1
omentum_site_2	snv:19:37975351	G	A	5042	1064	4	1
omentum_site_2	snv:19:44891134	C	T	4654	680	7	1
omentum_site_2	snv:2:14469442	T	C	38219	3983	3	2
omentum_site_2	snv:2:14574539	G	A	29464	10	3	2
omentum_site_2	snv:2:24930528	G	C	5187	1173	3	2
omentum_site_2	snv:2:28521021	G	A	35051	8649	3	2
omentum_site_2	snv:2:37406686	A	C	5982	0	3	2
omentum_site_2	snv:2:81140747	G	A	16863	8	2	2
omentum_site_2	snv:2:82597424	G	A	14467	3963	2	2
omentum_site_2	snv:2:100096669	C	A	13897	3642	2	2
omentum_site_2	snv:2:103879320	G	A	1670	1281	2	2
omentum_site_2	snv:2:124675757	G	C	33076	1	2	2
omentum_site_2	snv:2:140275849	C	A	17424	3593	2	2
omentum_site_2	snv:2:146138980	A	C	21822	3972	2	2
omentum_site_2	snv:2:147231618	C	T	24274	8804	2	2
omentum_site_2	snv:2:147287841	A	T	10578	4	2	2
omentum_site_2	snv:2:153008185	C	T	8161	5	2	2
omentum_site_2	snv:2:166905668	G	T	1621	26220	2	2
omentum_site_2	snv:2:167801463	C	A	34561	3087	2	2
omentum_site_2	snv:2:179472362	T	C	2253	610	2	2
omentum_site_2	snv:2:179605586	G	T	5946	1535	2	2
omentum_site_2	snv:2:195437326	C	A	23122	14596	2	2
omentum_site_2	snv:2:199980984	G	C	33228	10886	2	2
omentum_site_2	snv:20:20392678	G	A	999	375	2	1
omentum_site_2	snv:20:37862923	C	T	41711	8543	2	1
omentum_site_2	snv:20:52786149	T	C	4283	1061	2	1
omentum_site_2	snv:21:30803838	C	T	16369	16613	2	2
omentum_site_2	snv:21:38309208	G	A	2253	497	2	2
omentum_site_2	snv:22:23482460	A	G	20401	18126	2	0
omentum_site_2	snv:22:33268019	G	A	13445	16831	2	0
omentum_site_2	snv:22:50869692	G	C	31217	3050	2	0
omentum_site_2	snv:3:11717253	A	T	7425	0	2	1
omentum_site_2	snv:3:21158655	C	T	12794	20607	2	1
omentum_site_2	snv:3:27346442	C	T	764	219	2	1
omentum_site_2	snv:3:28118443	C	T	9695	9	2	1
omentum_site_2	snv:3:45447311	G	A	22908	6627	2	1
omentum_site_2	snv:3:66345210	A	G	31019	14359	2	1
omentum_site_2	snv:3:76177985	T	C	6867	1069	2	1
omentum_site_2	snv:3:77695206	G	T	3015	1054	2	1
omentum_site_2	snv:3:79337345	G	T	8689	9026	2	1
omentum_site_2	snv:3:97550037	C	A	26169	9180	2	2
omentum_site_2	snv:3:102912412	A	T	15058	5332	2	2
omentum_site_2	snv:3:122869098	C	T	894	803	2	2
omentum_site_2	snv:3:136945880	G	T	25748	11198	2	2
omentum_site_2	snv:3:147926596	G	C	7542	1890	2	2
omentum_site_2	snv:3:148470602	G	A	36253	9373	2	2
omentum_site_2	snv:3:153840612	G	T	1735	0	2	2
omentum_site_2	snv:3:163952265	T	A	7992	665	2	2
omentum_site_2	snv:3:174394548	A	C	1123	265	2	2
omentum_site_2	snv:3:180933986	G	A	43969	23	2	2
omentum_site_2	snv:4:15299209	G	T	6475	6233	2	1
omentum_site_2	snv:4:43995168	G	A	3714	8	2	1
omentum_site_2	snv:4:46406542	T	C	539	6	2	1
omentum_site_2	snv:4:87180222	G	T	10561	4353	2	1
omentum_site_2	snv:4:106599060	C	T	1185	436	2	1
omentum_site_2	snv:4:131209908	C	T	38423	18	2	1
omentum_site_2	snv:4:186947512	T	C	36627	25	2	1
omentum_site_2	snv:4:190509513	T	C	11193	1972	4	2
omentum_site_2	snv:5:8131735	T	C	4223	1344	3	1
omentum_site_2	snv:5:24118379	T	C	449	203	3	1
omentum_site_2	snv:5:45041674	T	C	5862	9409	1	1
omentum_site_2	snv:5:94335906	G	T	21515	10530	2	1
omentum_site_2	snv:5:129265350	A	C	16199	0	2	1
omentum_site_2	snv:5:144554583	T	C	34783	10545	2	1
omentum_site_2	snv:5:162424876	C	T	7435	1904	2	1
omentum_site_2	snv:5:163536989	A	G	17147	4073	2	1
omentum_site_2	snv:5:166029994	C	T	555	1	2	1
omentum_site_2	snv:5:168113339	C	T	34697	24	2	1
omentum_site_2	snv:6:36976637	G	C	6158	28456	3	1
omentum_site_2	snv:6:57536605	A	C	16893	9130	3	2
omentum_site_2	snv:6:64286881	A	G	2927	1058	2	1
omentum_site_2	snv:6:85579098	C	A	11398	2	2	1
omentum_site_2	snv:6:87097553	T	C	2269	0	2	1
omentum_site_2	snv:6:94050823	T	C	30369	10	2	1
omentum_site_2	snv:6:130923365	A	G	42724	11644	2	1
omentum_site_2	snv:6:160913346	A	C	31546	2	2	1
omentum_site_2	snv:7:37639095	A	C	36667	5	3	2
omentum_site_2	snv:7:81877436	T	C	1757	227	3	2
omentum_site_2	snv:7:86813833	G	A	1440	0	3	2
omentum_site_2	snv:7:90150238	A	G	8634	18	3	2
omentum_site_2	snv:7:96307880	A	T	22530	3228	3	2
omentum_site_2	snv:7:108204936	G	A	4178	931	3	2
omentum_site_2	snv:7:110412802	C	G	42525	2	3	2
omentum_site_2	snv:7:113288716	C	A	2473	106	3	2
omentum_site_2	snv:7:113900801	T	G	9168	5547	3	2
omentum_site_2	snv:7:118186437	C	A	29817	0	4	1
omentum_site_2	snv:7:121528399	G	C	40537	7141	3	2
omentum_site_2	snv:7:140510749	T	C	39092	12504	3	2
omentum_site_2	snv:8:20661859	G	T	15747	24306	2	0
omentum_site_2	snv:8:21970426	T	C	15879	518	2	0
omentum_site_2	snv:8:24340735	C	T	25397	26	2	0
omentum_site_2	snv:8:29005143	A	G	9749	6050	2	0
omentum_site_2	snv:8:33011214	A	G	5856	4098	2	0
omentum_site_2	snv:8:36201828	C	A	26735	17327	2	0
omentum_site_2	snv:8:49946574	T	C	23653	6304	2	2
omentum_site_2	snv:8:52157078	G	C	31991	6018	2	2
omentum_site_2	snv:8:62987883	T	A	3936	1640	2	2
omentum_site_2	snv:8:64097997	A	G	7994	1754	2	2
omentum_site_2	snv:8:68973004	C	A	3248	2568	2	2
omentum_site_2	snv:8:104955507	A	T	2915	573	5	0
omentum_site_2	snv:8:113339964	G	A	21369	4406	2	2
omentum_site_2	snv:8:113365031	C	A	15105	5467	2	2
omentum_site_2	snv:8:113412293	A	T	32720	7860	2	2
omentum_site_2	snv:8:113449142	T	C	35234	97	2	2
omentum_site_2	snv:8:114225881	T	A	6017	1602	2	2
omentum_site_2	snv:8:114274626	A	G	5384	1552	2	2
omentum_site_2	snv:8:114377854	G	T	951	0	2	2
omentum_site_2	snv:8:114897865	G	A	41408	3932	2	2
omentum_site_2	snv:8:116187784	G	C	27488	7323	2	2
omentum_site_2	snv:8:122641005	T	C	2807	669	2	2
omentum_site_2	snv:8:128243090	A	C	19445	1354	2	2
omentum_site_2	snv:8:132012036	T	A	43713	4082	2	2
omentum_site_2	snv:8:139855509	G	A	28298	14167	2	2
omentum_site_2	snv:8:145737795	C	T	1754	1177	2	2
omentum_site_2	snv:9:4778674	G	A	23383	9	2	1
omentum_site_2	snv:9:7689780	T	A	52264	6	2	1
omentum_site_2	snv:9:11044594	T	A	3501	983	2	1
omentum_site_2	snv:9:15876360	G	C	18230	6151	2	1
omentum_site_2	snv:9:28908932	T	C	2190	2983	2	1
omentum_site_2	snv:9:36879510	C	A	15863	24105	2	1
omentum_site_2	snv:9:36941475	G	A	14076	39871	2	1
omentum_site_2	snv:9:36951399	C	T	6976	3632	2	1
omentum_site_2	snv:9:37030129	G	A	13323	21634	2	1
omentum_site_2	snv:9:81748989	A	T	1022	0	2	1
omentum_site_2	snv:9:81748990	A	T	1028	0	2	1
omentum_site_2	snv:9:109688285	G	A	3915	1402	2	1
omentum_site_2	snv:9:125330100	A	G	401	118	2	1
omentum_site_2	snv:9:139872084	C	A	389	218	2	1
omentum_site_2	snv:X:7043536	A	C	23803	11209	2	0
omentum_site_2	snv:X:13332396	G	T	32226	9766	2	0
omentum_site_2	snv:X:45015620	C	T	29008	16399	2	0
omentum_site_2	snv:X:65488081	C	A	20048	16048	2	0
omentum_site_2	snv:X:100395663	G	T	38778	8578	2	0
omentum_site_2	snv:X:105441476	G	C	41293	6	2	0
omentum_site_2	snv:X:119485040	T	C	25701	14	2	0
omentum_site_2	snv:X:145600551	T	G	7106	2583	2	0
left_ovary_site_1	snv:1:6676850	G	T	1203	204	4	2
left_ovary_site_1	snv:1:9097848	C	T	274	314	3	2
left_ovary_site_1	snv:1:24392640	A	G	2318	4	2	2
left_ovary_site_1	snv:1:48943236	A	G	36977	14151	2	1
left_ovary_site_1	snv:1:74540760	A	T	42412	5	2	1
left_ovary_site_1	snv:1:103422610	T	A	11777	5091	2	1
left_ovary_site_1	snv:1:146466024	A	G	2056	6	3	2
left_ovary_site_1	snv:1:146466025	C	T	2075	0	3	2
left_ovary_site_1	snv:1:146466026	A	G	2053	8	3	2
left_ovary_site_1	snv:1:146466028	C	T	2076	0	3	2
left_ovary_site_1	snv:1:146466029	A	G	2027	2	3	2
left_ovary_site_1	snv:1:146466038	C	G	2069	0	3	2
left_ovary_site_1	snv:1:160064905	G	A	903	342	2	2
left_ovary_site_1	snv:1:167045386	T	C	35201	43	2	2
left_ovary_site_1	snv:1:187001107	T	C	81753	142	2	2
left_ovary_site_1	snv:1:200306608	C	A	59757	17755	2	2
left_ovary_site_1	snv:1:200870237	G	A	793	240	2	2
left_ovary_site_1	snv:1:237457202	G	A	56480	3179	2	1
left_ovary_site_1	snv:1:239631646	G	T	5352	27	2	1
left_ovary_site_1	snv:1:248100345	C	A	48074	192	2	1
left_ovary_site_1	snv:10:5777338	T	G	2965	937	2	2
left_ovary_site_1	snv:10:9905792	G	T	53017	3	2	2
left_ovary_site_1	snv:10:11704591	C	T	51764	18238	2	2
left_ovary_site_1	snv:10:80210783	C	T	11152	30829	9	1
left_ovary_site_1	snv:10:107225108	C	A	34985	0	1	1
left_ovary_site_1	snv:10:110726598	C	A	870	0	1	1
left_ovary_site_1	snv:10:112541237	A	T	705	474	1	1
left_ovary_site_1	snv:11:7064898	T	A	4049	1611	2	1
left_ovary_site_1	snv:11:33739002	C	T	733	285	2	1
left_ovary_site_1	snv:11:37351145	C	T	15948	6663	2	1
left_ovary_site_1	snv:11:38687924	A	T	17177	6567	2	1
left_ovary_site_1	snv:11:55653117	G	T	3021	1236	3	1
left_ovary_site_1	snv:11:56086297	A	G	1480	4	2	1
left_ovary_site_1	snv:11:69062839	C	T	2064	300	5	2
left_ovary_site_1	snv:11:74330980	A	G	23462	9248	6	2
left_ovary_site_1	snv:11:113934076	G	A	1278	2	2	0
left_ovary_site_1	snv:11:128133092	C	T	49551	30	2	0
left_ovary_site_1	snv:12:4611688	A	G	13326	25	3	2
left_ovary_site_1	snv:12:5848357	G	C	97406	22329	3	2
left_ovary_site_1	snv:12:40533582	G	A	4738	2	4	2
left_ovary_site_1	snv:12:51461545	G	A	4114	8	2	2
left_ovary_site_1	snv:12:63565907	T	C	22413	14021	2	1
left_ovary_site_1	snv:12:89795677	C	T	45426	72	2	0
left_ovary_site_1	snv:12:95087219	G	A	44023	3	2	1
left_ovary_site_1	snv:12:103745440	G	A	42989	25376	2	0
left_ovary_site_1	snv:12:105992379	A	T	592	0	2	0
left_ovary_site_1	snv:12:117484451	C	T	758	1085	2	1
left_ovary_site_1	snv:13:44263161	A	T	23882	9581	2	1
left_ovary_site_1	snv:13:53811341	C	T	20462	8157	2	1
left_ovary_site_1	snv:13:55545648	A	C	46981	0	2	1
left_ovary_site_1	snv:13:78215019	C	T	1194	439	2	1
left_ovary_site_1	snv:13:84266086	A	T	34300	12759	2	1
left_ovary_site_1	snv:14:23995889	C	T	4209	1104	2	2
left_ovary_site_1	snv:14:37347213	A	T	33847	8646	2	2
left_ovary_site_1	snv:14:80858152	C	T	43706	11295	2	2
left_ovary_site_1	snv:14:87387227	C	T	6851	1985	2	2
left_ovary_site_1	snv:14:89337958	A	G	2754	2164	2	2
left_ovary_site_1	snv:14:98501331	C	A	34511	8375	2	2
left_ovary_site_1	snv:15:46957466	G	C	1307	1602	3	2
left_ovary_site_1	snv:15:49048502	T	C	2519	572	3	2
left_ovary_site_1	snv:15:85400381	G	A	722	164	3	2
left_ovary_site_1	snv:15:100729856	G	A	54667	34	3	2
left_ovary_site_1	snv:16:2283162	G	A	389	0	2	2
left_ovary_site_1	snv:16:7892689	C	A	17062	9	2	2
left_ovary_site_1	snv:16:17396990	A	G	48938	14654	2	2
left_ovary_site_1	snv:16:17424730	G	A	29390	8140	2	2
left_ovary_site_1	snv:16:23430104	A	G	1478	0	2	2
left_ovary_site_1	snv:16:79555300	A	T	37801	16342	2	1
left_ovary_site_1	snv:17:13465428	C	T	31460	20140	2	0
left_ovary_site_1	snv:17:15166660	G	A	24505	15538	2	0
left_ovary_site_1	snv:17:41245466	G	A	55033	5240	2	0
left_ovary_site_1	snv:17:50214027	C	A	66329	14	2	0
left_ovary_site_1	snv:17:57754591	A	G	46417	4741	2	0
left_ovary_site_1	snv:17:60934485	G	A	64886	47	3	0
left_ovary_site_1	snv:17:78333840	T	C	54665	5000	3	0
left_ovary_site_1	snv:17:79511135	A	G	26481	925	3	0
left_ovary_site_1	snv:18:41823577	A	C	4186	5203	2	1
left_ovary_site_1	snv:18:44775126	G	A	6	12	2	1
left_ovary_site_1	snv:18:66752529	C	T	4306	1594	2	1
left_ovary_site_1	snv:19:15760745	G	A	5910	486	11	1
left_ovary_site_1	snv:19:15928428	G	A	13307	1315	11	1
left_ovary_site_1	snv:19:17028092	G	A	9894	0	4	1
left_ovary_site_1	snv:19:37019181	G	A	18416	24070	1	1
left_ovary_site_1	snv:19:37975351	G	A	4391	8	3	1
left_ovary_site_1	snv:19:44891134	C	T	3187	1414	5	1
left_ovary_site_1	snv:2:14469442	T	C	70081	72	3	2
left_ovary_site_1	snv:2:14574539	G	A	64440	41	3	2
left_ovary_site_1	snv:2:24930528	G	C	3686	857	3	2
left_ovary_site_1	snv:2:28521021	G	A	64192	46	3	2
left_ovary_site_1	snv:2:37406686	A	C	3119	778	3	2
left_ovary_site_1	snv:2:81140747	G	A	28178	5138	3	2
left_ovary_site_1	snv:2:82597424	G	A	30689	24	3	2
left_ovary_site_1	snv:2:100096669	C	A	36500	6	3	3
left_ovary_site_1	snv:2:103879320	G	A	1994	1741	2	2
left_ovary_site_1	snv:2:124675757	G	C	52801	0	2	1
left_ovary_site_1	snv:2:140275849	C	A	31570	5	2	1
left_ovary_site_1	snv:2:146138980	A	C	26705	6	2	1
left_ovary_site_1	snv:2:147231618	C	T	54078	76	2	1
left_ovary_site_1	snv:2:147287841	A	T	10381	3357	2	1
left_ovary_site_1	snv:2:153008185	C	T	10354	3915	2	1
left_ovary_site_1	snv:2:166905668	G	T	1496	44556	2	1
left_ovary_site_1	snv:2:167801463	C	A	54084	1	2	1
left_ovary_site_1	snv:2:179472362	T	C	1233	513	2	1
left_ovary_site_1	snv:2:179605586	G	T	3547	1327	2	1
left_ovary_site_1	snv:2:195437326	C	A	39999	15952	2	1
left_ovary_site_1	snv:2:199980984	G	C	69568	771	2	1
left_ovary_site_1	snv:20:20392678	G	A	1096	3	2	1
left_ovary_site_1	snv:20:37862923	C	T	79373	25	2	1
left_ovary_site_1	snv:20:52786149	T	C	3023	8	1	1
left_ovary_site_1	snv:21:30803838	C	T	32948	14995	2	1
left_ovary_site_1	snv:21:38309208	G	A	752	323	2	1
left_ovary_site_1	snv:22:23482460	A	G	67770	10284	2	0
left_ovary_site_1	snv:22:33268019	G	A	45273	50	2	0
left_ovary_site_1	snv:22:50869692	G	C	53009	2036	3	0
left_ovary_site_1	snv:3:11717253	A	T	11413	0	2	1
left_ovary_site_1	snv:3:21158655	C	T	22945	30288	2	1
left_ovary_site_1	snv:3:27346442	C	T	615	221	2	1
left_ovary_site_1	snv:3:28118443	C	T	13338	1	2	1
left_ovary_site_1	snv:3:45447311	G	A	40854	67	2	1
left_ovary_site_1	snv:3:66345210	A	G	46028	17077	2	1
left_ovary_site_1	snv:3:76177985	T	C	10943	4055	2	1
left_ovary_site_1	snv:3:77695206	G	T	2858	2	2	1
left_ovary_site_1	snv:3:79337345	G	T	22747	6	2	1
left_ovary_site_1	snv:3:97550037	C	A	28141	11084	2	1
left_ovary_site_1	snv:3:102912412	A	T	37677	4	2	1
left_ovary_site_1	snv:3:122869098	C	T	791	428	2	1
left_ovary_site_1	snv:3:136945880	G	T	71992	11	2	2
left_ovary_site_1	snv:3:147926596	G	C	15243	0	2	2
left_ovary_site_1	snv:3:148470602	G	A	74443	51	2	2
left_ovary_site_1	snv:3:153840612	G	T	698	204	2	2
left_ovary_site_1	snv:3:163952265	T	A	12790	1	2	2
left_ovary_site_1	snv:3:174394548	A	C	2243	1	2	2
left_ovary_site_1	snv:3:180933986	G	A	37382	5653	2	2
left_ovary_site_1	snv:4:15299209	G	T	9736	12237	2	1
left_ovary_site_1	snv:4:43995168	G	A	3118	1385	2	1
left_ovary_site_1	snv:4:46406542	T	C	1120	7	2	1
left_ovary_site_1	snv:4:87180222	G	T	17552	8	2	1
left_ovary_site_1	snv:4:106599060	C	T	244	410	2	1
left_ovary_site_1	snv:4:131209908	C	T	30755	12560	2	1
left_ovary_site_1	snv:4:186947512	T	C	39767	14922	2	1
left_ovary_site_1	snv:4:190509513	T	C	8075	2306	3	3
left_ovary_site_1	snv:5:8131735	T	C	9211	12	3	1
left_ovary_site_1	snv:5:24118379	T	C	497	264	3	1
left_ovary_site_1	snv:5:45041674	T	C	10657	7529	1	1
left_ovary_site_1	snv:5:94335906	G	T	21442	8603	2	1
left_ovary_site_1	snv:5:129265350	A	C	16840	8566	2	1
left_ovary_site_1	snv:5:144554583	T	C	46081	51	2	1
left_ovary_site_1	snv:5:162424876	C	T	15997	43	2	1
left_ovary_site_1	snv:5:163536989	A	G	18294	7299	2	1
left_ovary_site_1	snv:5:166029994	C	T	680	236	2	1
left_ovary_site_1	snv:5:168113339	C	T	42848	17129	2	1
left_ovary_site_1	snv:6:36976637	G	C	20235	45088	3	1
left_ovary_site_1	snv:6:57536605	A	C	21878	10442	3	1
left_ovary_site_1	snv:6:64286881	A	G	1565	599	2	1
left_ovary_site_1	snv:6:85579098	C	A	13421	5498	2	1
left_ovary_site_1	snv:6:87097553	T	C	2948	5	2	1
left_ovary_site_1	snv:6:94050823	T	C	30507	13609	2	1
left_ovary_site_1	snv:6:130923365	A	G	56026	20047	2	1
left_ovary_site_1	snv:6:160913346	A	C	48431	0	2	1
left_ovary_site_1	snv:7:37639095	A	C	42100	10330	3	2
left_ovary_site_1	snv:7:81877436	T	C	2101	427	3	2
left_ovary_site_1	snv:7:86813833	G	A	1259	258	3	2
left_ovary_site_1	snv:7:90150238	A	G	16838	41	3	2
left_ovary_site_1	snv:7:96307880	A	T	28687	5947	3	2
left_ovary_site_1	snv:7:108204936	G	A	3631	1007	3	1
left_ovary_site_1	snv:7:110412802	C	G	47847	14768	3	1
left_ovary_site_1	snv:7:113288716	C	A	4882	0	3	1
left_ovary_site_1	snv:7:113900801	T	G	15263	1	3	1
left_ovary_site_1	snv:7:118186437	C	A	51124	0	3	1
left_ovary_site_1	snv:7:121528399	G	C	46129	409	3	1
left_ovary_site_1	snv:7:140510749	T	C	60515	19013	3	1
left_ovary_site_1	snv:8:20661859	G	T	7913	38882	2	0
left_ovary_site_1	snv:8:21970426	T	C	23532	690	2	0
left_ovary_site_1	snv:8:24340735	C	T	37062	3893	2	0
left_ovary_site_1	snv:8:29005143	A	G	24311	2533	2	0
left_ovary_site_1	snv:8:33011214	A	G	15601	0	2	0
left_ovary_site_1	snv:8:36201828	C	A	29123	18495	2	0
left_ovary_site_1	snv:8:49946574	T	C	43312	80	3	2
left_ovary_site_1	snv:8:52157078	G	C	35767	6573	4	2
left_ovary_site_1	snv:8:62987883	T	A	8895	1598	4	2
left_ovary_site_1	snv:8:64097997	A	G	16697	2468	4	2
left_ovary_site_1	snv:8:68973004	C	A	3506	1939	4	2
left_ovary_site_1	snv:8:104955507	A	T	6741	1068	6	1
left_ovary_site_1	snv:8:113339964	G	A	39651	6096	5	2
left_ovary_site_1	snv:8:113365031	C	A	23175	7094	5	2
left_ovary_site_1	snv:8:113412293	A	T	49654	3	5	2
left_ovary_site_1	snv:8:113449142	T	C	44995	6788	5	2
left_ovary_site_1	snv:8:114225881	T	A	12456	1907	5	2
left_ovary_site_1	snv:8:114274626	A	G	6659	2127	5	2
left_ovary_site_1	snv:8:114377854	G	T	1481	192	5	2
left_ovary_site_1	snv:8:114897865	G	A	53310	17	5	2
left_ovary_site_1	snv:8:116187784	G	C	47464	11	5	2
left_ovary_site_1	snv:8:122641005	T	C	2283	1283	5	2
left_ovary_site_1	snv:8:128243090	A	C	45853	9	5	2
left_ovary_site_1	snv:8:132012036	T	A	76354	7	5	2
left_ovary_site_1	snv:8:139855509	G	A	53107	30	5	2
left_ovary_site_1	snv:8:145737795	C	T	5469	6632	5	2
left_ovary_site_1	snv:9:4778674	G	A	21952	4856	3	2
left_ovary_site_1	snv:9:7689780	T	A	49683	12866	3	2
left_ovary_site_1	snv:9:11044594	T	A	5977	1238	3	2
left_ovary_site_1	snv:9:15876360	G	C	30623	6	3	2
left_ovary_site_1	snv:9:28908932	T	C	4222	2050	3	2
left_ovary_site_1	snv:9:36879510	C	A	31988	22905	2	2
left_ovary_site_1	snv:9:36941475	G	A	38745	36088	2	2
left_ovary_site_1	snv:9:36951399	C	T	7809	10882	2	2
left_ovary_site_1	snv:9:37030129	G	A	34411	23187	2	2
left_ovary_site_1	snv:9:81748989	A	T	2345	0	2	0
left_ovary_site_1	snv:9:81748990	A	T	2339	0	2	0
left_ovary_site_1	snv:9:109688285	G	A	4878	1984	2	1
left_ovary_site_1	snv:9:125330100	A	G	301	108	2	1
left_ovary_site_1	snv:9:139872084	C	A	402	350	2	1
left_ovary_site_1	snv:X:7043536	A	C	27761	16834	2	0
left_ovary_site_1	snv:X:13332396	G	T	36814	22056	2	0
left_ovary_site_1	snv:X:45015620	C	T	11960	52292	2	0
left_ovary_site_1	snv:X:65488081	C	A	15227	28693	1	0
left_ovary_site_1	snv:X:100395663	G	T	61075	10303	1	0
left_ovary_site_1	snv:X:105441476	G	C	31752	29393	3	0
left_ovary_site_1	snv:X:119485040	T	C	24532	6758	6	0
left_ovary_site_1	snv:X:145600551	T	G	13167	1	1	0
left_ovary_site_2	snv:1:6676850	G	T	1202	239	2	2
left_ovary_site_2	snv:1:9097848	C	T	892	597	2	2
left_ovary_site_2	snv:1:24392640	A	G	1552	117	2	2
left_ovary_site_2	snv:1:48943236	A	G	28916	5563	2	2
left_ovary_site_2	snv:1:74540760	A	T	24936	3720	2	2
left_ovary_site_2	snv:1:103422610	T	A	13317	4525	2	2
left_ovary_site_2	snv:1:146466024	A	G	1075	2	3	2
left_ovary_site_2	snv:1:146466025	C	T	1094	0	3	2
left_ovary_site_2	snv:1:146466026	A	G	1094	0	3	2
left_ovary_site_2	snv:1:146466028	C	T	1087	0	3	2
left_ovary_site_2	snv:1:146466029	A	G	1068	2	3	2
left_ovary_site_2	snv:1:146466038	C	G	1083	0	3	2
left_ovary_site_2	snv:1:160064905	G	A	1108	373	2	2
left_ovary_site_2	snv:1:167045386	T	C	30966	28	2	2
left_ovary_site_2	snv:1:187001107	T	C	49924	2473	2	2
left_ovary_site_2	snv:1:200306608	C	A	46663	5896	2	2
left_ovary_site_2	snv:1:200870237	G	A	786	122	2	2
left_ovary_site_2	snv:1:237457202	G	A	44890	20	2	2
left_ovary_site_2	snv:1:239631646	G	T	3420	448	2	2
left_ovary_site_2	snv:1:248100345	C	A	32249	148	2	2
left_ovary_site_2	snv:10:5777338	T	G	2025	430	3	2
left_ovary_site_2	snv:10:9905792	G	T	46563	2	2	2
left_ovary_site_2	snv:10:11704591	C	T	35757	8473	2	2
left_ovary_site_2	snv:10:80210783	C	T	10292	14970	6	1
left_ovary_site_2	snv:10:107225108	C	A	31544	0	1	1
left_ovary_site_2	snv:10:110726598	C	A	904	0	1	1
left_ovary_site_2	snv:10:112541237	A	T	527	350	1	1
left_ovary_site_2	snv:11:7064898	T	A	2569	881	2	1
left_ovary_site_2	snv:11:33739002	C	T	597	196	2	1
left_ovary_site_2	snv:11:37351145	C	T	11716	2950	2	1
left_ovary_site_2	snv:11:38687924	A	T	12105	2360	2	1
left_ovary_site_2	snv:11:55653117	G	T	3361	0	3	1
left_ovary_site_2	snv:11:56086297	A	G	1577	8	2	1
left_ovary_site_2	snv:11:69062839	C	T	596	250	2	1
left_ovary_site_2	snv:11:74330980	A	G	9132	22998	2	1
left_ovary_site_2	snv:11:113934076	G	A	2072	6	2	1
left_ovary_site_2	snv:11:128133092	C	T	35737	3173	2	0
left_ovary_site_2	snv:12:4611688	A	G	9891	1020	3	2
left_ovary_site_2	snv:12:5848357	G	C	56988	6722	3	2
left_ovary_site_2	snv:12:40533582	G	A	5557	2	3	2
left_ovary_site_2	snv:12:51461545	G	A	2429	54	2	2
left_ovary_site_2	snv:12:63565907	T	C	20874	4028	2	1
left_ovary_site_2	snv:12:89795677	C	T	32158	42	2	0
left_ovary_site_2	snv:12:95087219	G	A	40174	778	2	1
left_ovary_site_2	snv:12:103745440	G	A	28616	17111	2	0
left_ovary_site_2	snv:12:105992379	A	T	426	0	2	0
left_ovary_site_2	snv:12:117484451	C	T	650	675	2	1
left_ovary_site_2	snv:13:44263161	A	T	19393	3795	2	1
left_ovary_site_2	snv:13:53811341	C	T	15826	5246	2	1
left_ovary_site_2	snv:13:55545648	A	C	32022	2	2	1
left_ovary_site_2	snv:13:78215019	C	T	1241	483	2	1
left_ovary_site_2	snv:13:84266086	A	T	28506	9021	2	1
left_ovary_site_2	snv:14:23995889	C	T	2515	266	2	2
left_ovary_site_2	snv:14:37347213	A	T	26687	3514	2	1
left_ovary_site_2	snv:14:80858152	C	T	34077	8719	2	1
left_ovary_site_2	snv:14:87387227	C	T	5422	1697	2	1
left_ovary_site_2	snv:14:89337958	A	G	1335	640	2	1
left_ovary_site_2	snv:14:98501331	C	A	34462	3	2	1
left_ovary_site_2	snv:15:46957466	G	C	1647	885	2	2
left_ovary_site_2	snv:15:49048502	T	C	999	262	2	1
left_ovary_site_2	snv:15:85400381	G	A	732	154	2	2
left_ovary_site_2	snv:15:100729856	G	A	37334	614	2	2
left_ovary_site_2	snv:16:2283162	G	A	634	16	1	1
left_ovary_site_2	snv:16:7892689	C	A	11909	3	1	1
left_ovary_site_2	snv:16:17396990	A	G	28342	6569	2	2
left_ovary_site_2	snv:16:17424730	G	A	15084	2635	2	2
left_ovary_site_2	snv:16:23430104	A	G	1356	31	2	2
left_ovary_site_2	snv:16:79555300	A	T	37603	4272	2	0
left_ovary_site_2	snv:17:13465428	C	T	29865	15358	2	0
left_ovary_site_2	snv:17:15166660	G	A	12025	7581	2	0
left_ovary_site_2	snv:17:41245466	G	A	35391	5718	2	0
left_ovary_site_2	snv:17:50214027	C	A	36146	5267	2	0
left_ovary_site_2	snv:17:57754591	A	G	29520	3902	2	0
left_ovary_site_2	snv:17:60934485	G	A	51770	21	3	0
left_ovary_site_2	snv:17:78333840	T	C	28678	3748	3	0
left_ovary_site_2	snv:17:79511135	A	G	13182	1298	3	0
left_ovary_site_2	snv:18:41823577	A	C	5309	5481	2	1
left_ovary_site_2	snv:18:44775126	G	A	22	21	2	1
left_ovary_site_2	snv:18:66752529	C	T	3748	1216	2	1
left_ovary_site_2	snv:19:15760745	G	A	3972	361	9	1
left_ovary_site_2	snv:19:15928428	G	A	7982	533	9	1
left_ovary_site_2	snv:19:17028092	G	A	8452	2	4	1
left_ovary_site_2	snv:19:37019181	G	A	21523	6286	1	1
left_ovary_site_2	snv:19:37975351	G	A	3872	207	5	1
left_ovary_site_2	snv:19:44891134	C	T	2551	314	8	1
left_ovary_site_2	snv:2:14469442	T	C	50940	329	3	2
left_ovary_site_2	snv:2:14574539	G	A	49714	18	3	2
left_ovary_site_2	snv:2:24930528	G	C	2348	564	2	2
left_ovary_site_2	snv:2:28521021	G	A	38396	2092	2	2
left_ovary_site_2	snv:2:37406686	A	C	2492	352	2	2
left_ovary_site_2	snv:2:81140747	G	A	20023	6	3	2
left_ovary_site_2	snv:2:82597424	G	A	18432	1258	3	2
left_ovary_site_2	snv:2:100096669	C	A	16408	1346	3	2
left_ovary_site_2	snv:2:103879320	G	A	1927	1966	2	2
left_ovary_site_2	snv:2:124675757	G	C	34261	5080	2	2
left_ovary_site_2	snv:2:140275849	C	A	22445	0	2	2
left_ovary_site_2	snv:2:146138980	A	C	24178	7	2	2
left_ovary_site_2	snv:2:147231618	C	T	32507	2431	2	2
left_ovary_site_2	snv:2:147287841	A	T	9339	1510	2	2
left_ovary_site_2	snv:2:153008185	C	T	9714	6	3	2
left_ovary_site_2	snv:2:166905668	G	T	2206	35074	2	2
left_ovary_site_2	snv:2:167801463	C	A	38149	5	2	2
left_ovary_site_2	snv:2:179472362	T	C	984	264	2	2
left_ovary_site_2	snv:2:179605586	G	T	2190	689	2	2
left_ovary_site_2	snv:2:195437326	C	A	32942	8713	2	2
left_ovary_site_2	snv:2:199980984	G	C	32257	8622	2	2
left_ovary_site_2	snv:20:20392678	G	A	653	101	2	1
left_ovary_site_2	snv:20:37862923	C	T	58227	5797	2	1
left_ovary_site_2	snv:20:52786149	T	C	4792	10	2	1
left_ovary_site_2	snv:21:30803838	C	T	20690	14802	2	2
left_ovary_site_2	snv:21:38309208	G	A	1205	297	2	2
left_ovary_site_2	snv:22:23482460	A	G	38146	8744	2	0
left_ovary_site_2	snv:22:33268019	G	A	25409	2852	2	0
left_ovary_site_2	snv:22:50869692	G	C	30542	4391	2	0
left_ovary_site_2	snv:3:11717253	A	T	9087	2	2	2
left_ovary_site_2	snv:3:21158655	C	T	21889	14685	2	2
left_ovary_site_2	snv:3:27346442	C	T	437	119	2	2
left_ovary_site_2	snv:3:28118443	C	T	7700	930	2	2
left_ovary_site_2	snv:3:45447311	G	A	23230	1813	2	2
left_ovary_site_2	snv:3:66345210	A	G	37446	10335	2	2
left_ovary_site_2	snv:3:76177985	T	C	9468	1758	2	2
left_ovary_site_2	snv:3:77695206	G	T	2330	203	2	2
left_ovary_site_2	snv:3:79337345	G	T	14931	1280	2	2
left_ovary_site_2	snv:3:97550037	C	A	30077	8179	2	2
left_ovary_site_2	snv:3:102912412	A	T	26524	1453	2	2
left_ovary_site_2	snv:3:122869098	C	T	522	434	2	2
left_ovary_site_2	snv:3:136945880	G	T	45640	763	2	2
left_ovary_site_2	snv:3:147926596	G	C	10322	1144	2	2
left_ovary_site_2	snv:3:148470602	G	A	59425	92	2	2
left_ovary_site_2	snv:3:153840612	G	T	1759	250	2	2
left_ovary_site_2	snv:3:163952265	T	A	15759	1	2	2
left_ovary_site_2	snv:3:174394548	A	C	1745	140	2	2
left_ovary_site_2	snv:3:180933986	G	A	34111	15	2	2
left_ovary_site_2	snv:4:15299209	G	T	7000	7671	2	1
left_ovary_site_2	snv:4:43995168	G	A	3568	370	2	1
left_ovary_site_2	snv:4:46406542	T	C	830	6	2	1
left_ovary_site_2	snv:4:87180222	G	T	12467	1447	2	1
left_ovary_site_2	snv:4:106599060	C	T	411	317	2	2
left_ovary_site_2	snv:4:131209908	C	T	25228	6101	2	1
left_ovary_site_2	snv:4:186947512	T	C	24796	5082	2	1
left_ovary_site_2	snv:4:190509513	T	C	9002	2091	4	3
left_ovary_site_2	snv:5:8131735	T	C	7561	109	3	1
left_ovary_site_2	snv:5:24118379	T	C	665	286	2	1
left_ovary_site_2	snv:5:45041674	T	C	10267	6588	1	1
left_ovary_site_2	snv:5:94335906	G	T	20026	6528	2	1
left_ovary_site_2	snv:5:129265350	A	C	14541	3122	2	1
left_ovary_site_2	snv:5:144554583	T	C	30086	3839	2	1
left_ovary_site_2	snv:5:162424876	C	T	9695	625	2	1
left_ovary_site_2	snv:5:163536989	A	G	14499	5021	2	1
left_ovary_site_2	snv:5:166029994	C	T	829	175	2	1
left_ovary_site_2	snv:5:168113339	C	T	42803	27	2	1
left_ovary_site_2	snv:6:36976637	G	C	10462	32002	3	1
left_ovary_site_2	snv:6:57536605	A	C	14378	8940	3	1
left_ovary_site_2	snv:6:64286881	A	G	2132	759	2	1
left_ovary_site_2	snv:6:85579098	C	A	11804	2647	2	1
left_ovary_site_2	snv:6:87097553	T	C	2920	4	2	1
left_ovary_site_2	snv:6:94050823	T	C	30035	26	2	1
left_ovary_site_2	snv:6:130923365	A	G	48641	15151	2	1
left_ovary_site_2	snv:6:160913346	A	C	34151	0	2	1
left_ovary_site_2	snv:7:37639095	A	C	34322	24	3	2
left_ovary_site_2	snv:7:81877436	T	C	1983	512	2	2
left_ovary_site_2	snv:7:86813833	G	A	485	52	3	2
left_ovary_site_2	snv:7:90150238	A	G	10599	17	3	2
left_ovary_site_2	snv:7:96307880	A	T	15329	2854	3	2
left_ovary_site_2	snv:7:108204936	G	A	3094	640	3	2
left_ovary_site_2	snv:7:110412802	C	G	33685	3437	3	2
left_ovary_site_2	snv:7:113288716	C	A	4052	174	3	2
left_ovary_site_2	snv:7:113900801	T	G	10565	619	3	2
left_ovary_site_2	snv:7:118186437	C	A	30354	2982	4	2
left_ovary_site_2	snv:7:121528399	G	C	31082	6651	3	2
left_ovary_site_2	snv:7:140510749	T	C	35495	6419	3	2
left_ovary_site_2	snv:8:20661859	G	T	9388	24182	2	0
left_ovary_site_2	snv:8:21970426	T	C	17283	1143	2	0
left_ovary_site_2	snv:8:24340735	C	T	20332	24	2	0
left_ovary_site_2	snv:8:29005143	A	G	20508	2621	2	0
left_ovary_site_2	snv:8:33011214	A	G	11329	1694	2	0
left_ovary_site_2	snv:8:36201828	C	A	22526	13182	2	0
left_ovary_site_2	snv:8:49946574	T	C	29299	452	3	2
left_ovary_site_2	snv:8:52157078	G	C	28431	4210	3	2
left_ovary_site_2	snv:8:62987883	T	A	4623	786	3	2
left_ovary_site_2	snv:8:64097997	A	G	8609	1709	3	2
left_ovary_site_2	snv:8:68973004	C	A	2084	1177	3	2
left_ovary_site_2	snv:8:104955507	A	T	5383	1056	4	2
left_ovary_site_2	snv:8:113339964	G	A	23127	5168	3	2
left_ovary_site_2	snv:8:113365031	C	A	17438	3491	3	2
left_ovary_site_2	snv:8:113412293	A	T	34866	1673	3	2
left_ovary_site_2	snv:8:113449142	T	C	31966	3316	3	2
left_ovary_site_2	snv:8:114225881	T	A	9291	1674	3	2
left_ovary_site_2	snv:8:114274626	A	G	3827	1032	3	2
left_ovary_site_2	snv:8:114377854	G	T	1139	82	3	2
left_ovary_site_2	snv:8:114897865	G	A	38353	7	3	2
left_ovary_site_2	snv:8:116187784	G	C	34007	510	3	2
left_ovary_site_2	snv:8:122641005	T	C	2259	1014	3	2
left_ovary_site_2	snv:8:128243090	A	C	38642	0	3	2
left_ovary_site_2	snv:8:132012036	T	A	54189	5	3	2
left_ovary_site_2	snv:8:139855509	G	A	38311	1964	4	2
left_ovary_site_2	snv:8:145737795	C	T	2982	3615	4	2
left_ovary_site_2	snv:9:4778674	G	A	17860	2713	2	2
left_ovary_site_2	snv:9:7689780	T	A	36923	6069	3	2
left_ovary_site_2	snv:9:11044594	T	A	5751	1163	3	2
left_ovary_site_2	snv:9:15876360	G	C	22023	1261	2	2
left_ovary_site_2	snv:9:28908932	T	C	4158	1118	2	2
left_ovary_site_2	snv:9:36879510	C	A	22947	22080	2	2
left_ovary_site_2	snv:9:36941475	G	A	22072	25831	2	2
left_ovary_site_2	snv:9:36951399	C	T	5606	5392	2	2
left_ovary_site_2	snv:9:37030129	G	A	17246	17221	2	2
left_ovary_site_2	snv:9:81748989	A	T	2131	0	2	1
left_ovary_site_2	snv:9:81748990	A	T	2128	0	2	1
left_ovary_site_2	snv:9:109688285	G	A	3005	1042	2	1
left_ovary_site_2	snv:9:125330100	A	G	129	54	2	1
left_ovary_site_2	snv:9:139872084	C	A	633	420	2	1
left_ovary_site_2	snv:X:7043536	A	C	19097	12449	2	0
left_ovary_site_2	snv:X:13332396	G	T	28740	13579	2	0
left_ovary_site_2	snv:X:45015620	C	T	14412	33046	2	0
left_ovary_site_2	snv:X:65488081	C	A	23259	14424	2	0
left_ovary_site_2	snv:X:100395663	G	T	39123	8541	1	0
left_ovary_site_2	snv:X:105441476	G	C	29302	10165	3	0
left_ovary_site_2	snv:X:119485040	T	C	15433	3204	4	0
left_ovary_site_2	snv:X:145600551	T	G	7240	1320	2	0
right_ovary_site_1	snv:1:6676850	G	T	1346	0	2	1
right_ovary_site_1	snv:1:9097848	C	T	774	202	2	1
right_ovary_site_1	snv:1:24392640	A	G	1067	321	2	1
right_ovary_site_1	snv:1:48943236	A	G	36053	44	2	1
right_ovary_site_1	snv:1:74540760	A	T	24318	6868	2	1
right_ovary_site_1	snv:1:103422610	T	A	17389	6006	2	1
right_ovary_site_1	snv:1:146466024	A	G	750	4	2	2
right_ovary_site_1	snv:1:146466025	C	T	765	0	2	2
right_ovary_site_1	snv:1:146466026	A	G	756	2	2	2
right_ovary_site_1	snv:1:146466028	C	T	763	0	2	2
right_ovary_site_1	snv:1:146466029	A	G	744	4	2	2
right_ovary_site_1	snv:1:146466038	C	G	760	0	2	2
right_ovary_site_1	snv:1:160064905	G	A	865	289	2	2
right_ovary_site_1	snv:1:167045386	T	C	36510	4140	2	2
right_ovary_site_1	snv:1:187001107	T	C	67775	543	2	2
right_ovary_site_1	snv:1:200306608	C	A	58061	2	2	2
right_ovary_site_1	snv:1:200870237	G	A	1023	3	2	2
right_ovary_site_1	snv:1:237457202	G	A	50225	44	3	2
right_ovary_site_1	snv:1:239631646	G	T	4978	1	3	2
right_ovary_site_1	snv:1:248100345	C	A	43547	164	3	2
right_ovary_site_1	snv:10:5777338	T	G	2537	487	3	2
right_ovary_site_1	snv:10:9905792	G	T	58165	148	3	2
right_ovary_site_1	snv:10:11704591	C	T	55964	56	3	2
right_ovary_site_1	snv:10:80210783	C	T	33476	744	1	1
right_ovary_site_1	snv:10:107225108	C	A	35141	2482	1	1
right_ovary_site_1	snv:10:110726598	C	A	565	0	1	1
right_ovary_site_1	snv:10:112541237	A	T	477	233	1	1
right_ovary_site_1	snv:11:7064898	T	A	2802	921	2	1
right_ovary_site_1	snv:11:33739002	C	T	634	225	2	1
right_ovary_site_1	snv:11:37351145	C	T	17517	5128	2	1
right_ovary_site_1	snv:11:38687924	A	T	17951	4	2	1
right_ovary_site_1	snv:11:55653117	G	T	3761	0	3	1
right_ovary_site_1	snv:11:56086297	A	G	1353	279	2	1
right_ovary_site_1	snv:11:69062839	C	T	513	175	2	1
right_ovary_site_1	snv:11:74330980	A	G	12010	20217	2	1
right_ovary_site_1	snv:11:113934076	G	A	1972	294	2	1
right_ovary_site_1	snv:11:128133092	C	T	26584	8271	2	1
right_ovary_site_1	snv:12:4611688	A	G	11388	9	3	2
right_ovary_site_1	snv:12:5848357	G	C	78144	12	3	2
right_ovary_site_1	snv:12:40533582	G	A	6066	199	3	2
right_ovary_site_1	snv:12:51461545	G	A	1502	279	2	2
right_ovary_site_1	snv:12:63565907	T	C	27101	16	2	1
right_ovary_site_1	snv:12:89795677	C	T	32069	1421	2	0
right_ovary_site_1	snv:12:95087219	G	A	38519	6122	2	1
right_ovary_site_1	snv:12:103745440	G	A	30560	13893	2	0
right_ovary_site_1	snv:12:105992379	A	T	170	0	2	0
right_ovary_site_1	snv:12:117484451	C	T	720	643	2	1
right_ovary_site_1	snv:13:44263161	A	T	23053	2	2	1
right_ovary_site_1	snv:13:53811341	C	T	16375	5413	2	1
right_ovary_site_1	snv:13:55545648	A	C	38171	0	2	1
right_ovary_site_1	snv:13:78215019	C	T	978	303	2	1
right_ovary_site_1	snv:13:84266086	A	T	22230	6407	2	1
right_ovary_site_1	snv:14:23995889	C	T	3183	0	2	2
right_ovary_site_1	snv:14:37347213	A	T	31108	2	2	1
right_ovary_site_1	snv:14:80858152	C	T	35451	4412	2	1
right_ovary_site_1	snv:14:87387227	C	T	7229	1203	2	1
right_ovary_site_1	snv:14:89337958	A	G	1074	725	2	1
right_ovary_site_1	snv:14:98501331	C	A	32382	5	2	1
right_ovary_site_1	snv:15:46957466	G	C	1490	515	2	1
right_ovary_site_1	snv:15:49048502	T	C	972	295	2	1
right_ovary_site_1	snv:15:85400381	G	A	609	157	2	1
right_ovary_site_1	snv:15:100729856	G	A	34523	8999	2	1
right_ovary_site_1	snv:16:2283162	G	A	291	84	2	1
right_ovary_site_1	snv:16:7892689	C	A	11649	1046	2	1
right_ovary_site_1	snv:16:17396990	A	G	49893	91	2	1
right_ovary_site_1	snv:16:17424730	G	A	25782	28	2	1
right_ovary_site_1	snv:16:23430104	A	G	813	222	2	1
right_ovary_site_1	snv:16:79555300	A	T	45426	285	2	0
right_ovary_site_1	snv:17:13465428	C	T	33606	13469	2	0
right_ovary_site_1	snv:17:15166660	G	A	17573	6952	2	0
right_ovary_site_1	snv:17:41245466	G	A	36784	6871	2	0
right_ovary_site_1	snv:17:50214027	C	A	24287	17391	3	0
right_ovary_site_1	snv:17:57754591	A	G	38866	6013	3	0
right_ovary_site_1	snv:17:60934485	G	A	62242	29	3	0
right_ovary_site_1	snv:17:78333840	T	C	45315	7884	3	0
right_ovary_site_1	snv:17:79511135	A	G	22044	1074	3	0
right_ovary_site_1	snv:18:41823577	A	C	3230	3301	1	0
right_ovary_site_1	snv:18:44775126	G	A	36	4	1	0
right_ovary_site_1	snv:18:66752529	C	T	5517	2	1	0
right_ovary_site_1	snv:19:15760745	G	A	3441	281	10	1
right_ovary_site_1	snv:19:15928428	G	A	7519	2	10	1
right_ovary_site_1	snv:19:17028092	G	A	5856	116	4	1
right_ovary_site_1	snv:19:37019181	G	A	34891	29	1	1
right_ovary_site_1	snv:19:37975351	G	A	2690	633	4	1
right_ovary_site_1	snv:19:44891134	C	T	1877	205	6	1
right_ovary_site_1	snv:2:14469442	T	C	57158	10540	3	2
right_ovary_site_1	snv:2:14574539	G	A	58981	27	3	2
right_ovary_site_1	snv:2:24930528	G	C	3302	605	3	2
right_ovary_site_1	snv:2:28521021	G	A	41759	7970	3	2
right_ovary_site_1	snv:2:37406686	A	C	3678	0	3	2
right_ovary_site_1	snv:2:81140747	G	A	26909	7	2	2
right_ovary_site_1	snv:2:82597424	G	A	18272	4778	2	2
right_ovary_site_1	snv:2:100096669	C	A	25838	5648	2	2
right_ovary_site_1	snv:2:103879320	G	A	1283	659	2	2
right_ovary_site_1	snv:2:124675757	G	C	48587	0	2	2
right_ovary_site_1	snv:2:140275849	C	A	25245	1497	2	2
right_ovary_site_1	snv:2:146138980	A	C	24462	3230	2	2
right_ovary_site_1	snv:2:147231618	C	T	28904	6298	2	2
right_ovary_site_1	snv:2:147287841	A	T	7784	2	2	2
right_ovary_site_1	snv:2:153008185	C	T	12476	3	2	2
right_ovary_site_1	snv:2:166905668	G	T	1341	20131	2	2
right_ovary_site_1	snv:2:167801463	C	A	50655	5461	2	2
right_ovary_site_1	snv:2:179472362	T	C	1194	283	2	2
right_ovary_site_1	snv:2:179605586	G	T	2905	707	2	2
right_ovary_site_1	snv:2:195437326	C	A	38719	8697	2	2
right_ovary_site_1	snv:2:199980984	G	C	35595	8172	2	2
right_ovary_site_1	snv:20:20392678	G	A	662	216	2	1
right_ovary_site_1	snv:20:37862923	C	T	48255	18211	2	1
right_ovary_site_1	snv:20:52786149	T	C	4347	420	2	1
right_ovary_site_1	snv:21:30803838	C	T	26769	17276	2	2
right_ovary_site_1	snv:21:38309208	G	A	1146	271	2	2
right_ovary_site_1	snv:22:23482460	A	G	47944	15317	2	0
right_ovary_site_1	snv:22:33268019	G	A	23697	10579	2	0
right_ovary_site_1	snv:22:50869692	G	C	36871	7164	2	0
right_ovary_site_1	snv:3:11717253	A	T	9074	431	2	1
right_ovary_site_1	snv:3:21158655	C	T	25436	21030	2	1
right_ovary_site_1	snv:3:27346442	C	T	463	132	2	1
right_ovary_site_1	snv:3:28118443	C	T	10093	3	2	1
right_ovary_site_1	snv:3:45447311	G	A	26784	7724	2	1
right_ovary_site_1	snv:3:66345210	A	G	37335	10489	2	1
right_ovary_site_1	snv:3:76177985	T	C	5903	2377	2	1
right_ovary_site_1	snv:3:77695206	G	T	1674	437	2	1
right_ovary_site_1	snv:3:79337345	G	T	15813	4507	2	1
right_ovary_site_1	snv:3:97550037	C	A	22645	6480	2	2
right_ovary_site_1	snv:3:102912412	A	T	19060	3536	2	2
right_ovary_site_1	snv:3:122869098	C	T	493	346	2	2
right_ovary_site_1	snv:3:136945880	G	T	48773	12640	2	2
right_ovary_site_1	snv:3:147926596	G	C	6826	1510	2	2
right_ovary_site_1	snv:3:148470602	G	A	72282	294	2	2
right_ovary_site_1	snv:3:153840612	G	T	2315	0	2	2
right_ovary_site_1	snv:3:163952265	T	A	9892	19	2	2
right_ovary_site_1	snv:3:174394548	A	C	1134	355	2	2
right_ovary_site_1	snv:3:180933986	G	A	11732	0	2	2
right_ovary_site_1	snv:4:15299209	G	T	9170	7446	2	1
right_ovary_site_1	snv:4:43995168	G	A	4068	1	2	1
right_ovary_site_1	snv:4:46406542	T	C	421	2	2	1
right_ovary_site_1	snv:4:87180222	G	T	12610	3780	2	1
right_ovary_site_1	snv:4:106599060	C	T	814	242	2	1
right_ovary_site_1	snv:4:131209908	C	T	41220	16	2	1
right_ovary_site_1	snv:4:186947512	T	C	39265	31	2	1
right_ovary_site_1	snv:4:190509513	T	C	6431	1080	4	2
right_ovary_site_1	snv:5:8131735	T	C	4711	1244	3	1
right_ovary_site_1	snv:5:24118379	T	C	446	176	3	1
right_ovary_site_1	snv:5:45041674	T	C	11341	6488	1	1
right_ovary_site_1	snv:5:94335906	G	T	19429	6201	2	1
right_ovary_site_1	snv:5:129265350	A	C	17822	3	2	1
right_ovary_site_1	snv:5:144554583	T	C	26703	8207	2	1
right_ovary_site_1	snv:5:162424876	C	T	9239	3439	2	1
right_ovary_site_1	snv:5:163536989	A	G	12628	2910	2	1
right_ovary_site_1	snv:5:166029994	C	T	671	0	2	1
right_ovary_site_1	snv:5:168113339	C	T	46838	22	2	1
right_ovary_site_1	snv:6:36976637	G	C	14175	35945	3	1
right_ovary_site_1	snv:6:57536605	A	C	20016	12104	3	1
right_ovary_site_1	snv:6:64286881	A	G	2185	724	2	1
right_ovary_site_1	snv:6:85579098	C	A	16587	2	2	1
right_ovary_site_1	snv:6:87097553	T	C	2839	10	2	1
right_ovary_site_1	snv:6:94050823	T	C	37507	27	2	1
right_ovary_site_1	snv:6:130923365	A	G	52806	17447	2	1
right_ovary_site_1	snv:6:160913346	A	C	30521	2	2	1
right_ovary_site_1	snv:7:37639095	A	C	40741	10	3	2
right_ovary_site_1	snv:7:81877436	T	C	1313	280	3	2
right_ovary_site_1	snv:7:86813833	G	A	589	0	3	2
right_ovary_site_1	snv:7:90150238	A	G	13141	98	3	2
right_ovary_site_1	snv:7:96307880	A	T	23863	4462	3	2
right_ovary_site_1	snv:7:108204936	G	A	2825	515	3	2
right_ovary_site_1	snv:7:110412802	C	G	53381	1	3	2
right_ovary_site_1	snv:7:113288716	C	A	3010	221	3	2
right_ovary_site_1	snv:7:113900801	T	G	8032	1557	3	2
right_ovary_site_1	snv:7:118186437	C	A	49774	1	4	2
right_ovary_site_1	snv:7:121528399	G	C	30366	5658	3	2
right_ovary_site_1	snv:7:140510749	T	C	41110	8637	3	2
right_ovary_site_1	snv:8:20661859	G	T	14519	23065	2	0
right_ovary_site_1	snv:8:21970426	T	C	15199	1312	2	0
right_ovary_site_1	snv:8:24340735	C	T	34941	41	2	0
right_ovary_site_1	snv:8:29005143	A	G	18843	4007	2	0
right_ovary_site_1	snv:8:33011214	A	G	10934	5326	2	0
right_ovary_site_1	snv:8:36201828	C	A	23541	11668	2	0
right_ovary_site_1	snv:8:49946574	T	C	25149	6000	2	2
right_ovary_site_1	snv:8:52157078	G	C	23110	5358	2	2
right_ovary_site_1	snv:8:62987883	T	A	7147	1732	2	2
right_ovary_site_1	snv:8:64097997	A	G	10264	2285	2	2
right_ovary_site_1	snv:8:68973004	C	A	1680	1072	2	2
right_ovary_site_1	snv:8:104955507	A	T	6188	1609	3	2
right_ovary_site_1	snv:8:113339964	G	A	33683	8009	2	2
right_ovary_site_1	snv:8:113365031	C	A	22278	4973	2	2
right_ovary_site_1	snv:8:113412293	A	T	32413	7013	2	2
right_ovary_site_1	snv:8:113449142	T	C	47190	88	2	2
right_ovary_site_1	snv:8:114225881	T	A	11234	2754	2	2
right_ovary_site_1	snv:8:114274626	A	G	6867	1667	2	2
right_ovary_site_1	snv:8:114377854	G	T	1362	0	2	2
right_ovary_site_1	snv:8:114897865	G	A	44326	85	2	2
right_ovary_site_1	snv:8:116187784	G	C	17863	3859	2	2
right_ovary_site_1	snv:8:122641005	T	C	2067	510	2	2
right_ovary_site_1	snv:8:128243090	A	C	38421	3	2	2
right_ovary_site_1	snv:8:132012036	T	A	70963	8438	2	2
right_ovary_site_1	snv:8:139855509	G	A	35824	7523	2	2
right_ovary_site_1	snv:8:145737795	C	T	5339	3162	2	2
right_ovary_site_1	snv:9:4778674	G	A	19613	4	2	2
right_ovary_site_1	snv:9:7689780	T	A	34784	8	2	2
right_ovary_site_1	snv:9:11044594	T	A	3630	1059	2	2
right_ovary_site_1	snv:9:15876360	G	C	15473	4338	2	1
right_ovary_site_1	snv:9:28908932	T	C	3671	1045	2	2
right_ovary_site_1	snv:9:36879510	C	A	19732	30435	2	2
right_ovary_site_1	snv:9:36941475	G	A	21379	28556	2	2
right_ovary_site_1	snv:9:36951399	C	T	8005	5948	2	2
right_ovary_site_1	snv:9:37030129	G	A	23474	25065	2	2
right_ovary_site_1	snv:9:81748989	A	T	1461	0	2	1
right_ovary_site_1	snv:9:81748990	A	T	1463	0	2	1
right_ovary_site_1	snv:9:109688285	G	A	3341	952	2	1
right_ovary_site_1	snv:9:125330100	A	G	112	47	2	1
right_ovary_site_1	snv:9:139872084	C	A	474	328	2	1
right_ovary_site_1	snv:X:7043536	A	C	25292	10412	2	0
right_ovary_site_1	snv:X:13332396	G	T	37421	16767	2	0
right_ovary_site_1	snv:X:45015620	C	T	15509	28090	2	0
right_ovary_site_1	snv:X:65488081	C	A	25010	9905	2	0
right_ovary_site_1	snv:X:100395663	G	T	48253	12091	2	0
right_ovary_site_1	snv:X:105441476	G	C	51408	2	2	0
right_ovary_site_1	snv:X:119485040	T	C	19675	19	2	0
right_ovary_site_1	snv:X:145600551	T	G	6826	2538	2	0
